<?xml version="1.0" encoding="utf-8"?>

<Product xmlns='http://code.google.com/p/open-zwave/'>
  <!-- This thermostat's setpoint descriptions are 0 based, not 1 -->
  <CommandClass id="67" base="0" />
  <!-- Configuration Parameters -->
  <CommandClass id="112">
    <Value type="short" index="1" genre="config" label="Temperature Threshold" min="1" max="100" value="5">
      <Help>
       Temperature Report threshold (1=0.1C)
      </Help>
    </Value>
    <Value type="short" index="2" genre="config" label="Setpoint resolution" min="1" max="100" value="5">
      <Help>
        Set-point display resolution (1=0.1C)
      </Help>
    </Value>
    <Value type="short" index="3" genre="config" label="Min/Override Setpoint" min="0" max="40" value="12">
      <Help>
       Min Set-point and override limit
      </Help>
    </Value>
	<Value type="short" index="4" genre="config" label="Max/Override Setpoint" min="0" max="40" value="28">
      <Help>
       Max Set-point and override limit
      </Help>
    </Value>
	<Value type="list" index="6" genre="config" label="Setpoint control function" size="1" value="1">
      <Help>
       Setpoint control function
      </Help>
	  <Item label="Disabled" value="0"/>
      <Item label="Enabled" value="1"/>
    </Value>
	<Value type="list" index="7" genre="config" label="Temporarily override scheduler" size="1" value="1">
      <Help>
       Temporarily override scheduler
      </Help>
	  <Item label="Disabled" value="0"/>
      <Item label="Enabled" value="1"/>
    </Value>
	<Value type="list" index="8" genre="config" label="Setpoint type" size="1" value="1">
      <Help>
       Setpoint type in thermostat setpoint_reports
      </Help>
	  <Item label="Heating" value="1"/>
      <Item label="Cooling" value="2"/>
      <Item label="Auto Changeover" value="10"/>
    </Value>
	<Value type="byte" index="9" genre="config" label="Led on time" min="1" max="5" value="1">
      <Help>
       Led on time (1=100ms)
      </Help>
    </Value>
	<Value type="short" index="5" genre="config" label="Led Flash Period" min="0" max="65535" value="1">
      <Help>
       Led Flash Period (0 to 65535 seconds)
      </Help>
    </Value>
	<Value type="byte" index="10" genre="config" label="Number of flash" min="0" max="255" value="5">
      <Help>
       Number of led flashes (duration)
      </Help>
    </Value>
	<Value type="list" index="11" genre="config" label="Led Color" size="1" value="1">
      <Help>
       Led Color
      </Help>
	  <Item label="Green" value="1"/>
      <Item label="Red" value="2"/>
    </Value>
  </CommandClass>
</Product>
