<?xml version="1.0" encoding="utf-8"?>

<Product xmlns='http://code.google.com/p/open-zwave/'>
  <!-- Configuration -->
  <CommandClass id="112">
    <Value type="list" genre="config" instance="1" index="1" label="Enable/Disable ALL ON/OFF" value="255" size="1">
      <Help>Enable/Disable ALL ON/OFF</Help>
      <Item label="ALL ON disabled/ ALL OFF disabled" value="0" />
      <Item label="ALL ON disabled/ ALL OFF active" value="1" />
      <Item label="ALL ON active / ALL OFF disabled" value="2" />
      <Item label="ALL ON active / ALL OFF active" value="255" />
    </Value>
    
    <Value type="list" genre="config" instance="1" index="3" label="Auto off relay after specified time" value="0" size="1">
      <Help>Auto off relay after specified time, with the possibility of manual override - immediate Off after button push.
      Default value: 0 Manual override disabled</Help>
      <Item label="Manual override disabled" value="0" />
      <Item label="Manual override enabled" value="1" />
    </Value>
    
    <Value type="short" genre="config" instance="1" index="4" label="Relay 1: OFF-delay time" value="0">
      <Help>Automatic turning off relay 1 after set time, (0-255) in 10ms increments for FW1.0 to FW2.0, (0-65535) in 100 ms increment for FW2.1+</Help>
    </Value>
    
    <Value type="short" genre="config" instance="1" index="5" label="Relay 2: OFF-delay time" value="0">
      <Help>Automatic turning off relay 2 after set time, (0-255) in 10ms increments for FW1.0 to FW2.0, (0-65535) in 100 ms increment for FW2.1+</Help>
    </Value>
    
    <Value type="list" genre="config" instance="1" index="6" label="Managing the transmission of control commands to the devices from first group of associations (key 1)." value="0" size="1">
      <Help>Correct working parameter No. 6 requires settings parameter No. 15 to 1. This activates functionality double-click - Control Dimmer/Roller Shutter. Default setting: 0</Help>
      <Item label="The control commands are sent when the device is turned on and off (default)" value="0" />
      <Item label="The control commands are sent when the device is turned off. Enabling the device does not send commands controls. Double click on key 1 will send ON to all devices in group 1, all dimmers set to prev.value (ex. 50%)" value="1" />
      <Item label="The control commands are sent when the device is turned off. Enabling the device does not send commands controls. Double click on key 1 will send ON to all devices in group 1, all dimmers set to 100%" value="2" />                
    </Value>
    
    <Value type="list" genre="config" instance="1" index="7" label="Managing the transmission of control commands to the devices from second group of associations (key 2)." value="0" size="1">
      <Help>Correct working parameter No. 6 requires settings parameter No. 15 to 1. This activates functionality double-click - Control Dimmer/Roller Shutter. Default setting: 0</Help>
      <Item label="The control commands are sent when the device is turned on and off (default)" value="0" />
      <Item label="The control commands are sent when the device is turned off. Enabling the device does not send commands controls. Double click on key 2 will send ON to all devices in group 2, all dimmers set to prev.value (ex. 50%)" value="1" />
      <Item label="The control commands are sent when the device is turned off. Enabling the device does not send commands controls. Double click on key 2 will send ON to all devices in group 2, all dimmers set to 100%" value="2" />
    </Value>
    
    <Value type="list" genre="config" instance="1" index="13" label="Inputs behaviour" value="0" size="1">
      <Help>In case of bi-stable switches, define their behaviour (toggle or follow). Default setting: 0</Help>
      <Item label="Toggle" value="0"/>
      <Item label="Follow switch contact (closed=ON, open=OFF)" value="1"/>
    </Value>
    
    <Value type="list" genre="config" instance="1" index="14" label="Inputs Button/Switch configuration" value="1" size="1">
      <Help>Binary inputs type configuration. Default setting: 1</Help>
      <Item label="Mono-stable input (button)" value="0"/>
      <Item label="Bi-stable input (switch)" value="1"/>
    </Value>
    
    <Value type="list" genre="config" instance="1" index="15" label="Dimmer/Roller shutter control" value="0" size="1">
      <Help>Enable/Disable operation of dimmer or roller shutter devices associated to group 1.
        Available only when using mono-stable inputs (buttons) - Hold button 1 or double-tap for operation (only mono-stable input (button)). Default setting: 0</Help>
      <Item label="Disable Dimmer/Roller shutter control" value="0"/>
      <Item label="Enable Dimmer/Roller shutter control" value="1"/>
    </Value>
    
    <Value type="list" genre="config" instance="1" index="16" label="Saving state before power failure" value="1" size="1">
      <Help>Saving state before power failure. Default setting: 1</Help>
      <Item label="State NOT saved at power failure, all outputs are set to OFF upon power restore" value="0"/>
      <Item label="State saved at power failure, all outputs are set to previous state upon power restore" value="1"/>
    </Value>
    
    <Value type="list" genre="config" instance="1" index="30" label="Relay 1: Response to General Alarm" value="3" size="1">
      <Help>Default setting: 3</Help>
      <Item label="DEACTIVATION - no response to alarm frames" value="0"/>
      <Item label="ALARM RELAY ON - relay will turn ON upon receipt of alarm frame" value="1"/>
      <Item label="ALARM RELAY OFF - relay will turn OFF upon receipt of alarm frame" value="2"/>
      <Item label="ALARM FLASHING - relay will turn ON and OFF periodically (see param.39)" value="3"/>
    </Value>
    
    <Value type="list" genre="config" instance="1" index="31" label="Relay 1: Response to Water Flood Alarm" value="2" size="1">
      <Help>Default setting: 2</Help>
      <Item label="DEACTIVATION - no response to alarm frames" value="0"/>
      <Item label="ALARM RELAY ON - relay will turn ON upon receipt of alarm frame" value="1"/>
      <Item label="ALARM RELAY OFF - relay will turn OFF upon receipt of alarm frame" value="2"/>
      <Item label="ALARM FLASHING - relay will turn ON and OFF periodically (see param.39)" value="3"/>                
    </Value>
    
    <Value type="list" genre="config" instance="1" index="32" label="Relay 1: Response to Smoke, CO, CO2 Alarm" value="3" size="1">
      <Help>Default setting: 3</Help>
      <Item label="DEACTIVATION - no response to alarm frames" value="0"/>
      <Item label="ALARM RELAY ON - relay will turn ON upon receipt of alarm frame" value="1"/>
      <Item label="ALARM RELAY OFF - relay will turn OFF upon receipt of alarm frame" value="2"/>
      <Item label="ALARM FLASHING - relay will turn ON and OFF periodically (see param.39)" value="3"/>
    </Value>
    
    <Value type="list" genre="config" instance="1" index="33" label="Relay 1: Response to Temperature Alarm" value="1" size="1">
      <Help>Default setting: 1</Help>
      <Item label="DEACTIVATION - no response to alarm frames" value="0"/>
      <Item label="ALARM RELAY ON - relay will turn ON upon receipt of alarm frame" value="1"/>
      <Item label="ALARM RELAY OFF - relay will turn OFF upon receipt of alarm frame" value="2"/>
      <Item label="ALARM FLASHING - relay will turn ON and OFF periodically (see param.39)" value="3"/>                
    </Value>
    
    <Value type="short" genre="config" instance="1" index="39" label="ALARM FLASHING alarm time" value="600" size="2">
      <Help>Amount of time (ms) the device keeps on flashing after receipt of Alarm Frame. Default setting: 600</Help>
    </Value>
    
    <Value type="list" genre="config" instance="1" index="40" label="Relay 2: Response to General Alarm" value="3" size="1">
      <Help>Default setting: 3</Help>
      <Item label="DEACTIVATION - no response to alarm frames" value="0"/>
      <Item label="ALARM RELAY ON - relay will turn ON upon receipt of alarm frame" value="1"/>
      <Item label="ALARM RELAY OFF - relay will turn OFF upon receipt of alarm frame" value="2"/>
      <Item label="ALARM FLASHING - relay will turn ON and OFF periodically (see param.39)" value="3"/>
    </Value>
    
    <Value type="list" genre="config" instance="1" index="41" label="Relay 2: Response to Water Flood Alarm" value="2" size="1">
      <Help>Default setting: 2</Help>
      <Item label="DEACTIVATION - no response to alarm frames" value="0"/>
      <Item label="ALARM RELAY ON - relay will turn ON upon receipt of alarm frame" value="1"/>
      <Item label="ALARM RELAY OFF - relay will turn OFF upon receipt of alarm frame" value="2"/>
      <Item label="ALARM FLASHING - relay will turn ON and OFF periodically (see param.39)" value="3"/>                
    </Value>
    
    <Value type="list" genre="config" instance="1" index="42" label="Relay 2: Response to Smoke, CO, CO2 Alarm" value="3" size="1">
      <Help>Default setting: 3</Help>
      <Item label="DEACTIVATION - no response to alarm frames" value="0"/>
      <Item label="ALARM RELAY ON - relay will turn ON upon receipt of alarm frame" value="1"/>
      <Item label="ALARM RELAY OFF - relay will turn OFF upon receipt of alarm frame" value="2"/>
      <Item label="ALARM FLASHING - relay will turn ON and OFF periodically (see param.39)" value="3"/>
    </Value>
    
    <Value type="list" genre="config" instance="1" index="43" label="Relay 2: Response to Temperature Alarm" value="1" size="1">
      <Help>Default setting: 1</Help>
      <Item label="DEACTIVATION - no response to alarm frames" value="0"/>
      <Item label="ALARM RELAY ON - relay will turn ON upon receipt of alarm frame" value="1"/>
      <Item label="ALARM RELAY OFF - relay will turn OFF upon receipt of alarm frame" value="2"/>
      <Item label="ALARM FLASHING - relay will turn ON and OFF periodically (see param.39)" value="3"/>                
    </Value>
  </CommandClass>
  
  <CommandClass id="96" mapping="endpoints" />
  <!-- Association Groups -->
  <CommandClass id="133">
    <Associations num_groups="3">
      <Group index="1" max_associations="16" label="Key no 1" auto="false"/>
      <Group index="2" max_associations="16" label="Key no 2"/>
      <Group index="3" max_associations="1" label="Lifeline" auto="true"/>
    </Associations>
  </CommandClass>

</Product>
