<?xml version="1.0" encoding="utf-8"?>
<Product xmlns="http://code.google.com/p/open-zwave/">
  <!-- Configuration Parameters -->
  <CommandClass id="112">
    <Value genre="config" index="1" value="0" label="Orientation" units="" size="1" min="0" max="255" type="list">
      <Help>Controls the on/off orientation of the rocker switch</Help>
      <Item value="0" label="Normal"/>
      <Item value="1" label="Inverted"/>
    </Value>
    <Value genre="config" index="2" value="0" label="LED Indicator Control" units="" size="1" min="0" max="255" type="list">
      <Help>Choose if you want the LED indicator to turn on when switch is on or off</Help>
      <Item value="0" label="LED on when switch is off"/>
      <Item value="1" label="LED on when switch is on"/>
    </Value>
    <Value genre="config" index="3" value="0" label="Enable/Disable LED Indicator" units="" size="1" min="0" max="255" type="list">
      <Help>Enable or disable LED indicator so it stays off at all times</Help>
      <Item value="0" label="Enabled"/>
      <Item value="1" label="Disabled"/>
    </Value>
  </CommandClass>

  <!-- Association Groups -->
  <CommandClass id="133">
    <Associations num_groups="1">
      <Group index="1" label="Lifeline" max_associations="5" />
    </Associations>
  </CommandClass>

</Product>
